Country,Female Married by 15,Female Married by 18,Male Married by 18,Reference Year,Country Code,Female Labor Participation Rate,Female Youth Literacy Rate,GDP per Capita
Afghanistan,4,28,7,2016-17,AFG,21.3078663997887,,520.251954939821
Albania,1,12,1,2017-18,ALB,42.8743087113443,99.5999984741211,4531.03220675893
Algeria,0,4,-,2018-19,DZA,19.4608339172121,97.2521591186523,4171.79530903532
Andorra,-,-,-,,AND,,,
Angola,8,30,6,2015-16,AGO,49.7378006487985,,3100.83068530533
Anguilla,-,-,-,,,,,
Antigua and Barbuda,-,-,-,,ATG,,,
Argentina,2,15,-,2019-20,ARG,42.3760560305369,,9963.67423069626
Armenia,0,5,0,2015-16,ARM,50.7123270190662,,3666.14182536082
Australia,-,-,-,,AUS,,,
Austria,-,-,-,,AUT,,,
Bahamas,-,-,-,,,,,
Bahrain,-,-,-,,BHR,,,
Bangladesh,15,51,4,2019,BGD,32.0089062223127,96.087760925293,2122.0783861524
Barbados,8,29,-,2012,BRB,48.8894942959305,100.0,16691.3326357636
Belarus,0,5,2,2019,BLR,49.9657314686907,99.8998336791992,6837.76723174438
Belgium,0,0,-,2019,BEL,46.775155191018,,46641.7116578097
Belize,6,34,22,2015-16,BLZ,37.7710351118346,,6142.47883269283
Benin,9,31,5,2017-18,BEN,45.9131814738228,,1095.27445905127
Bhutan,6,26,-,2010,BTN,42.8385204978969,63.3400039672852,2194.12587023264
Bolivia (Plurinational State of),3,20,5,2016,,,,
Bosnia and Herzegovina,0,3,0,2011-12,BIH,38.7834499116824,99.1504364013672,4980.90615523376
Botswana,-,-,-,,BWA,,,
Brazil,6,26,-,2006,BRA,42.7188968490951,98.3399963378906,5866.02431314405
British Virgin Islands,-,-,-,,VGB,,,
Brunei Darussalam,-,-,-,,BRN,,,
Bulgaria,-,-,-,,BGR,,,
Burkina Faso,9,51,2,2015,BFA,45.025365307107,,632.126685840944
Burundi,3,19,1,2016-17,BDI,51.8476649487921,,242.539527360495
Cabo Verde,2,8,2,2018,CPV,44.4261951355885,,3860.45481136132
Cambodia,2,19,4,2014,KHM,46.5270758122744,90.3722610473633,1098.07453750857
Cameroon,11,30,3,2018,CMR,47.146967580675,82.4100036621094,1594.06010909489
Canada,-,-,-,,CAN,,,
Central African Republic,26,61,17,2018-19,CAF,45.0870546226461,28.7066593170166,435.93229629544
Chad,24,61,8,2019,TCD,40.7810071498273,18.3400001525879,701.621200811434
Chile,-,-,-,,CHL,,,
China,0,3,1,2020,CHN,45.0041316124498,99.8199996948242,10408.7191247747
Colombia,5,23,7,2015,COL,42.7463079102169,98.9199981689453,6228.65162186096
Comoros,10,32,12,2012,COM,37.6749576031656,69.5952224731445,1483.95155852999
Congo,7,27,6,2014-15,,,,
Cook Islands,-,-,-,,,,,
Costa Rica,2,17,-,2018,CRI,39.1110601571955,86.3399963378906,12383.1499469519
Côte d'Ivoire,7,27,4,2016,CIV,41.9194913031507,,1999.19537158364
Croatia,-,-,-,,HRV,,,
Cuba,5,29,6,2019,CUB,37.9170177617655,,9139.41585605765
Cyprus,-,-,-,,CYP,,,
Czechia,-,-,-,,CZE,,,
Democratic People's Republic of Korea,0,0,0,2017,,,,
Democratic Republic of the Congo,8,29,6,2017-18,,,,
Denmark,-,1,-,2021,DNK,46.948695461593,,68007.7566732954
Djibouti,1,6,-,2019,DJI,29.0543357125235,,2876.04366371536
Dominica,-,-,-,,DMA,,,
Dominican Republic,9,31,8,2019,DOM,40.160526065108,99.0999984741211,8173.34464573914
Ecuador,4,22,-,2018,ECU,41.1613661856033,96.8199996948242,6321.34940071717
El Salvador,4,20,-,2021,SLV,41.2141392874132,,4664.31122268385
Equatorial Guinea,9,30,4,2011,GNQ,42.6628209236905,,18659.4160360714
Eritrea,13,41,2,2010,ERI,47.7628216535573,,504.972460176652
Estonia,-,-,-,,EST,,,
Eswatini,1,5,1,2014,SWZ,46.8987452631111,100.0,3928.52291126341
Ethiopia,14,40,5,2016,ETH,46.1739424805595,49.6199989318848,705.617512258288
Fiji,0,4,2,2021,FJI,33.6155477947328,99.1199951171875,4646.53792141919
Finland,-,0,-,2017,FIN,47.872240554203,,46412.1364777173
France,-,-,-,,FRA,,,
Gabon,6,22,5,2012,GAB,39.8924598996221,89.4292526245117,9348.51486808302
Gambia,6,23,0,2019-20,,,,
Georgia,0,14,1,2018,GEO,47.1125976885585,,4722.0424231414
Germany,-,-,-,,DEU,,,
Ghana,5,19,4,2017-18,GHA,47.6648056726399,,1998.72266579856
Greece,-,-,-,,GRC,,,
Grenada,-,-,-,,GRD,,,
Guatemala,6,29,10,2014-15,GTM,33.6722421760327,91.8600006103516,3779.62604225079
Guinea,17,47,2,2018,GIN,42.1109816893224,43.469181060791,944.417268594849
Guinea-Bissau,8,26,2,2018-19,GNB,45.006994923502,,781.644367627497
Guyana,4,30,9,2014,GUY,37.7178174309751,97.0370101928711,5495.37708403271
Haiti,2,15,2,2016-17,HTI,47.7580486285303,82.6348266601562,1313.18609516523
Holy See,-,-,-,,,,,
Honduras,9,34,10,2019,HND,36.2758730745441,97.2900009155273,2519.36619342175
Hungary,-,-,-,,HUN,,,
Iceland,-,-,-,,ISL,,,
India,5,23,3,2019-21,IND,23.3574933058129,,2050.16378973235
Indonesia,2,16,5,2017,IDN,38.8800260838176,99.2900009155273,3839.78507463674
Iran (Islamic Republic of),3,17,-,2010,,,,
Iraq,7,28,-,2018,IRQ,13.7772486251056,,5601.46706102705
Ireland,-,-,-,,IRL,,,
Israel,-,-,-,,ISR,,,
Italy,-,-,-,,ITA,,,
Jamaica,1,8,-,2011,JAM,44.0376980925023,99.7200012207031,5259.93174059193
Japan,-,-,-,,JPN,,,
Jordan,1,10,0,2017-18,JOR,19.5086235070139,,4073.11640314668
Kenya,4,23,3,2014,KEN,48.7116253038036,86.1365203857422,1489.9197238099
Kiribati,2,18,9,2018-19,KIR,,,1607.22964956271
Kuwait,-,-,-,,KWT,,,
Lao People's Democratic Republic,7,33,11,2017,,,,
Latvia,-,-,-,,LVA,,,
Lebanon,1,6,-,2015-16,LBN,28.2668071497895,,7802.75136773923
Lesotho,1,16,2,2018,LSO,45.2329753719108,,1162.97879205186
Liberia,6,25,8,2019-20,LBR,47.9135636575573,71.8499984741211,665.878447568436
Libya,-,-,-,,LBY,,,
Liechtenstein,-,-,-,,LIE,,,
Lithuania,0,0,-,2021,LTU,49.588244039574,99.9499969482422,23712.5357765275
Luxembourg,-,-,-,,LUX,,,
Madagascar,13,39,11,2021,MDG,48.8429856109444,83.0400009155273,503.352081144811
Malawi,7,38,7,2019-20,MWI,49.4872395857954,,584.362867276266
Malaysia,-,-,-,,MYS,,,
Maldives,0,2,2,2016-17,MDV,28.4089639392364,99.0886306762695,9640.31919054401
Mali,16,54,2,2018,MLI,41.521179432621,43.3981094360352,856.35659593664
Malta,-,-,-,,MLT,,,
Marshall Islands,6,26,12,2007,MHL,,,2773.41870535549
Mauritania,16,37,1,2019-21,MRT,33.5073842891559,,1839.96277798478
Mauritius,-,-,-,,MUS,,,
Mexico,4,21,-,2018,MEX,37.5387243208054,98.8199996948242,9857.00748742213
Micronesia (Federated States of),-,-,-,,,,,
Monaco,-,-,-,,MCO,,,
Mongolia,1,12,2,2018,MNG,44.5301236047887,98.0499954223633,4165.0228208175
Montenegro,2,6,3,2018,MNE,44.685630844402,96.3899993896484,8850.37840418683
Montserrat,-,-,-,,,,,
Morocco,1,14,-,2018,MAR,25.2281386831916,,3492.67236328125
Mozambique,17,53,10,2015,MOZ,51.4435553721181,62.6669883728027,594.226917756451
Myanmar,2,16,5,2015-16,MMR,39.7654321820651,,1224.5623682428
Namibia,2,7,1,2013,NAM,49.7398486497513,96.0900039672852,5463.03136620996
Nauru,2,27,12,2007,NRU,,,
Nepal,8,33,9,2019,NPL,38.1096494329839,79.0999984741211,1185.68231813605
Netherlands (Kingdom of the),-,-,-,,,,,
New Zealand,-,-,-,,NZL,,,
Nicaragua,10,35,19,2011-12,NIC,36.3652933074556,,1644.80150938502
Niger,28,76,6,2012,NER,42.3485785722312,31.6439094543457,525.047284446867
Nigeria,12,30,2,2021,NGA,43.8273310028996,,2065.74906750923
Niue,-,-,-,,,,,
North Macedonia,0,8,-,2018-19,MKD,39.3991097225688,,6108.73913136452
Norway,-,0,-,2021,NOR,47.2352078609481,,90655.3910229392
Oman,1,4,-,2014,OMN,13.334090338788,,23121.2063768559
Pakistan,4,18,5,2017-18,PAK,21.6475159716497,67.5371322631836,1567.64061969895
Palau,-,-,-,,PLW,,,
Panama,7,26,-,2013,PAN,38.5092680041813,,11932.2862205866
Papua New Guinea,8,27,4,2016-18,PNG,47.4986427232164,,2332.6756636019
Paraguay,4,22,-,2016,PRY,40.4387413162174,98.6999969482422,5759.01833315657
Peru,2,14,-,2020,PER,44.2865347211395,99.4400024414062,6063.62657980167
Philippines,2,17,3,2017,PHL,37.7902490742766,,3077.43443152814
Poland,-,-,-,,POL,,,
Portugal,-,-,-,,PRT,,,
Qatar,0,4,1,2012,QAT,13.4045840844708,99.8346405029297,98041.3622380894
Republic of Korea,-,-,-,,,,,
Republic of Moldova,0,12,1,2012,,,,
Romania,-,-,-,,ROU,,,
Russian Federation,0,6,-,2017,RUS,48.3368623225118,,10720.33203125
Saint Kitts and Nevis,-,-,-,,,,,
Saint Lucia,4,24,-,2012,,,,
Saint Vincent and the Grenadines,-,-,-,,,,,
Samoa,1,7,2,2019-20,WSM,37.6141608909843,99.2699966430664,4308.30145287685
San Marino,-,-,-,,SMR,,,
Sao Tome and Principe,5,28,3,2019,,,,
Saudi Arabia,-,-,-,,SAU,,,
Senegal,9,31,1,2019,SEN,38.5893012737861,64.7400054931641,1462.6783520711
Serbia,1,6,1,2019,SRB,45.0852508014706,99.9994201660156,7417.20658487785
Seychelles,-,-,-,,SYC,,,
Sierra Leone,9,30,4,2019,SLE,48.0819605938789,70.3800048828125,506.606908156498
Singapore,0,0,-,2022,SGP,42.8080671062121,,82807.6490834764
Slovakia,-,-,-,,,,,
Slovenia,-,-,-,,SVN,,,
Solomon Islands,6,21,4,2015,SLB,48.4364968404037,,2134.80542436874
Somalia,8,45,-,2006,SOM,30.1805656283923,23.7900009155273,
South Africa,1,4,1,2016,ZAF,46.1300982569807,,5735.06678717842
South Sudan,9,52,-,2010,SSD,50.544910457868,24.8699989318848,1503.13388901082
Spain,-,-,-,,ESP,,,
Sri Lanka,1,10,-,2016,LKA,34.4655120871284,98.9448928833008,4107.82976157993
State of Palestine,1,13,-,2019-20,,,,
Sudan,12,34,-,2014,SDN,29.2978242395262,100.0,2076.0009765625
Suriname,9,36,20,2018,SUR,41.0705379482043,,6730.83678250321
Sweden,-,-,-,,SWE,,,
Switzerland,-,-,-,,CHE,,,
Syrian Arab Republic,2,13,-,2006,SYR,16.7025054896453,89.0500030517578,7914.77149445229
Tajikistan,0,9,-,2017,TJK,38.3333586115198,97.7399978637695,844.365249851831
Thailand,3,20,10,2019,THA,45.695962765287,,7628.57608699366
Timor-Leste,3,15,1,2016,TLS,45.2662124553145,,1347.92636060894
Togo,6,25,3,2017,TGO,47.930283143269,,814.41983755384
Tokelau,-,-,-,,,,,
Tonga,0,10,3,2019,TON,40.8220983552541,,4878.97818832247
Trinidad and Tobago,3,11,-,2011,TTO,41.3668483537725,,17910.317182181
Tunisia,0,1,0,2018,TUN,28.9044494708232,97.1599960327148,3577.1694604526
Türkiye,2,15,-,2018,TUR,32.1403998862212,,9400.83633703723
Turkmenistan,0,6,-,2019,TKM,52.5686744850327,,7180.4595520094
Turks and Caicos Islands,0,23,5,2019-20,TCA,,,27795.1485608171
Tuvalu,0,2,2,2019-20,TUV,,,4940.0506820692
Uganda,7,34,6,2016,UGA,48.9855156371739,,753.684405538911
Ukraine,0,9,4,2012,UKR,49.8510524093796,99.9827194213867,4004.78979492188
United Arab Emirates,-,-,-,,ARE,,,
United Kingdom,-,0,-,2021,GBR,47.8630558557155,,46585.8975644567
United Republic of Tanzania,5,31,4,2015-16,,,,
United States,-,-,-,,USA,,,
Uruguay,1,25,-,2013,URY,44.8460651868264,99.3099975585938,18140.8919180672
Uzbekistan,0,3,1,2021-22,UZB,35.8193014499601,99.9999084472656,1993.42447790795
Vanuatu,2,21,5,2013,VUT,44.0249421884701,,2877.44452801285
Venezuela (Bolivarian Republic of),-,-,-,,,,,
Viet Nam,1,15,2,2020-21,VNM,47.7701162525124,,3586.34729656749
Yemen,9,32,-,2013,,,,
Zambia,5,29,3,2018,ZMB,45.6923279153374,,1475.19983636703
Zimbabwe,5,34,2,2019,ZWE,50.5908229509943,88.8499984741211,1421.86859641758
East Asia and Pacific,1,8,1,2015-22,,,,
Europe and Central Asia,-,7,-,2015-22,,,,
   Eastern Europe and Central Asia,1,9,-,2015-22,,,,
   Western Europe,-,-,-,,,,,
Latin America and Caribbean,4,21,-,2015-22,,,,
Middle East and North Africa,2,16,-,2014-22,,,,
North America,-,-,-,,NAC,,,
South Asia,6,26,3,2015-22,SAS,23.7167480407653,84.1318283081055,1523.38333625648
Sub-Saharan Africa,10,32,4,2015-22,SSF,46.3009211500549,71.4328994750977,1681.36733401646
   Eastern and Southern Africa,9,32,5,2015-22,,,,
   West and Central Africa,11,33,3,2015-22,,,,
Least developed countries,10,37,5,2015-22,,,,
World,4,19,3,2015-22,WLD,39.3066665651549,89.5312118530273,10156.9534578037
